step,county_fips,marginal_served_household_hours,tracked_max,remaining_peak_at_pick_time
1,26163,38869.75341796875,922425,1536.9752197265625
2,26125,23896.127868652344,618124,852.9578857421875
3,26099,14654.278625488281,413676,514.1575927734375
4,26161,5916.199890136719,174449,240.2606201171875
5,26163,2310.223876953125,922425,1536.9752197265625
